Date,Open,High,Low,Close,Volume,Adj
2016-02-29,51.349998,51.650002,50.66,50.880001,31247100,50.880001
2016-02-26,52.599998,52.68,51.099998,51.299999,35869200,51.299999
2016-02-25,51.73,52.099998,50.610001,52.099998,26695900,52.099998
2016-02-24,50.689999,51.50,50.200001,51.360001,32076000,51.360001
2016-02-23,52.34,52.369999,50.98,51.18,28390800,51.18
2016-02-22,52.279999,53.00,52.279999,52.650002,24854400,52.650002
2016-02-19,51.970001,52.279999,51.529999,51.82,33275400,51.82
2016-02-18,52.330002,52.950001,52.099998,52.189999,26244700,52.189999
2016-02-17,51.490002,52.77,51.450001,52.419998,39670300,52.419998
2016-02-16,50.900002,51.09,50.130001,51.09,35937100,51.09
2016-02-12,50.25,50.68,49.75,50.50,34243300,50.14
2016-02-11,48.68,50.110001,48.509998,49.689999,48878600,49.335773
2016-02-10,49.889999,50.389999,49.52,49.709999,38237000,49.355631
2016-02-09,49.02,50.240002,48.669998,49.279999,46740500,48.928696
2016-02-08,49.549999,49.57,48.189999,49.41,59290500,49.05777
2016-02-05,51.939999,52.00,49.560001,50.16,62009000,49.802423
2016-02-04,52.099998,52.810001,51.369999,52.00,46987100,51.629307
2016-02-03,53.25,53.389999,51.259998,52.16,57559800,51.788166
2016-02-02,54.169998,54.259998,52.650002,53.00,56313800,52.622178
2016-02-01,54.880001,55.09,54.50,54.709999,44208500,54.319987
2016-01-29,54.73,55.09,54.00,55.09,83611700,54.697279
2016-01-28,51.860001,52.209999,51.25,52.060001,62513800,51.68888
2016-01-27,52.009998,52.200001,51.02,51.220001,36775200,50.854868
2016-01-26,51.790001,52.439999,51.549999,52.169998,28900800,51.798093
2016-01-25,51.939999,52.650002,51.650002,51.790001,34707700,51.420805
2016-01-22,51.41,52.330002,51.259998,52.290001,37555800,51.91724
2016-01-21,51.00,51.580002,50.299999,50.48,40191200,50.120142
2016-01-20,49.98,51.380001,49.099998,50.790001,63273000,50.427933
2016-01-19,51.48,51.68,50.060001,50.560001,43564500,50.199574
2016-01-15,51.310001,51.970001,50.34,50.990002,71820700,50.626508
2016-01-14,52.00,53.419998,51.57,53.110001,52381900,52.731395
2016-01-13,53.799999,54.07,51.299999,51.639999,66883600,51.271873
2016-01-12,52.759998,53.099998,52.060001,52.779999,36095500,52.403745
2016-01-11,52.509998,52.849998,51.459999,52.299999,36943800,51.927167
2016-01-08,52.369999,53.279999,52.150002,52.330002,48754000,51.956956
2016-01-07,52.700001,53.490002,52.07,52.169998,56564900,51.798093
2016-01-06,54.32,54.400002,53.639999,54.049999,39518900,53.664692
2016-01-05,54.93,55.389999,54.540001,55.049999,34079700,54.657563
2016-01-04,54.32,54.799999,53.389999,54.799999,53778000,54.409346
2015-12-31,56.040001,56.189999,55.419998,55.48,27334100,55.084498
2015-12-30,56.470001,56.779999,56.290001,56.310001,21704500,55.908583
2015-12-29,56.290001,56.849998,56.060001,56.549999,27731400,56.14687
2015-12-28,55.349998,55.950001,54.98,55.950001,22458300,55.551149
2015-12-24,55.860001,55.959999,55.43,55.669998,9570000,55.273143
2015-12-23,55.700001,55.880001,55.439999,55.82,27279800,55.422075
2015-12-22,54.990002,55.48,54.50,55.349998,28322200,54.955424
2015-12-21,54.880001,55.349998,54.23,54.830002,37246300,54.439134
2015-12-18,55.77,56.00,54.029999,54.130001,84684200,53.744124
2015-12-17,56.360001,56.790001,55.529999,55.700001,41280900,55.302931
2015-12-16,55.540001,56.25,54.759998,56.130001,37503300,55.729866
2015-12-15,55.66,55.900002,55.09,55.200001,39459000,54.806496
2015-12-14,54.330002,55.209999,53.68,55.139999,46768900,54.746922
2015-12-11,54.709999,55.099998,54.009998,54.060001,39549500,53.674623
2015-12-10,55.389999,55.66,55.009998,55.27,31775800,54.875996
2015-12-09,55.369999,55.869999,54.509998,54.98,36373200,54.588063
2015-12-08,55.470001,56.099998,54.990002,55.790001,32878000,55.39229
2015-12-07,55.790001,55.970001,55.290001,55.810001,30709800,55.412148
2015-12-04,54.119999,56.23,54.099998,55.91,43963700,55.511433
2015-12-03,55.490002,55.77,53.93,54.200001,38627800,53.813624
2015-12-02,55.32,55.959999,55.060001,55.209999,47274900,54.816423
2015-12-01,54.41,55.23,54.299999,55.220001,39952800,54.826354
2015-11-30,54.540001,54.959999,54.00,54.349998,56241400,53.962553
2015-11-27,53.799999,54.080002,53.790001,53.93,9009100,53.545549
2015-11-25,54.09,54.23,53.689999,53.689999,21005100,53.307258
2015-11-24,53.919998,54.439999,53.580002,54.25,24600000,53.863267
2015-11-23,54.25,54.459999,53.75,54.189999,28235900,53.803694
2015-11-20,54.25,54.299999,53.27,54.189999,37147600,53.803694
2015-11-19,53.990002,54.66,53.779999,53.939999,28149200,53.555476
2015-11-18,53.00,53.98,52.98,53.849998,29710000,53.466117
2015-11-17,53.169998,53.529999,52.849998,52.970001,31551300,52.592393
2015-11-16,53.080002,53.889999,52.849998,53.77,32165200,53.029255
2015-11-13,53.07,53.290001,52.529999,52.84,36848200,52.112067
2015-11-12,53.48,53.98,53.189999,53.32,35361100,52.585454
2015-11-11,53.700001,54.200001,53.459999,53.650002,36516300,52.910909
2015-11-10,54.07,54.130001,53.27,53.509998,55283700,52.772835
2015-11-09,54.549999,54.869999,53.560001,54.16,32513100,53.413882
2015-11-06,54.09,54.98,53.959999,54.919998,32851200,54.16341
2015-11-05,54.490002,54.700001,54.00,54.380001,31468500,53.630852
2015-11-04,54.18,54.880001,54.060001,54.400002,37087800,53.650577
2015-11-03,52.93,54.389999,52.900002,54.150002,36596900,53.404021
2015-11-02,52.849998,53.360001,52.619999,53.240002,30285000,52.506558
2015-10-30,53.32,53.990002,52.619999,52.639999,46619800,51.914821
2015-10-29,53.540001,53.830002,53.220001,53.360001,30202100,52.624903
2015-10-28,53.540001,53.98,52.860001,53.98,47000800,53.236361
2015-10-27,53.990002,54.369999,53.580002,53.689999,50999900,52.950355
2015-10-26,52.529999,54.32,52.50,54.25,64633300,53.502642
2015-10-23,52.299999,54.07,52.25,52.869999,135227100,52.141652
2015-10-22,47.529999,48.950001,47.09,48.029999,56637100,47.368329
2015-10-21,47.919998,47.990002,47.110001,47.200001,25144300,46.549765
2015-10-20,47.439999,47.810001,47.02,47.77,30802200,47.111912
2015-10-19,47.419998,47.880001,47.02,47.619999,29387600,46.963977
2015-10-16,47.02,47.540001,46.900002,47.509998,25779300,46.855492
2015-10-15,47.009998,47.029999,46.529999,47.009998,27189400,46.36238
2015-10-14,46.650002,47.099998,46.529999,46.68,24697800,46.036928
2015-10-13,46.560001,47.130001,46.560001,46.889999,19987800,46.244034
2015-10-12,46.98,47.07,46.50,47.00,19769100,46.352519
2015-10-09,47.450001,47.540001,46.919998,47.110001,28600600,46.461005
2015-10-08,46.560001,47.52,46.50,47.450001,33772700,46.796321
2015-10-07,47.099998,47.349998,45.950001,46.799999,27711500,46.155274
2015-10-06,46.330002,47.18,46.220001,46.75,27510800,46.105963
2015-10-05,45.75,46.889999,45.700001,46.630001,34369300,45.987618
2015-10-02,44.27,45.57,43.919998,45.57,41839000,44.942219
2015-10-01,44.75,44.75,43.75,44.610001,28657900,43.995445
2015-09-30,43.880001,44.299999,43.66,44.259998,34958900,43.650264
2015-09-29,43.369999,43.57,43.049999,43.439999,32763600,42.841561
2015-09-28,43.830002,44.09,43.209999,43.290001,27613800,42.69363
2015-09-25,44.48,44.73,43.759998,43.939999,29384600,43.334673
2015-09-24,43.450001,44.130001,43.27,43.91,27905600,43.305088
2015-09-23,43.93,44.169998,43.509998,43.869999,17145200,43.265638
2015-09-22,43.380001,44.049999,43.310001,43.900002,28085900,43.295227
2015-09-21,43.619999,44.470001,43.599998,44.110001,26177200,43.502333
2015-09-18,43.50,43.990002,43.330002,43.48,63143700,42.881011
2015-09-17,44.290001,45.00,44.080002,44.25,32768200,43.640404
2015-09-16,43.970001,44.380001,43.84,44.299999,23372200,43.689714
2015-09-15,43.189999,44.290001,43.080002,43.98,28882200,43.374123
2015-09-14,43.43,43.439999,42.860001,43.040001,23656000,42.447074
2015-09-11,43.139999,43.59,42.939999,43.48,27132500,42.881011
2015-09-10,43.119999,43.790001,42.75,43.290001,31366600,42.69363
2015-09-09,44.209999,44.400002,42.91,43.07,33469500,42.476659
2015-09-08,43.299999,44.00,43.200001,43.889999,32469800,43.285363
2015-09-04,42.810001,43.040001,42.200001,42.610001,37138800,42.022997
2015-09-03,43.41,43.98,43.279999,43.50,28285200,42.900736
2015-09-02,42.360001,43.380001,41.880001,43.360001,37671500,42.762665
2015-09-01,42.169998,42.59,41.66,41.82,49688900,41.24388
2015-08-31,43.560001,43.93,43.099998,43.52,34441700,42.920461
2015-08-28,43.400002,44.150002,43.389999,43.93,28246700,43.324813
2015-08-27,43.23,43.950001,42.93,43.900002,50943200,43.295227
2015-08-26,42.009998,42.84,41.060001,42.709999,63408000,42.121618
2015-08-25,42.57,43.240002,40.389999,40.470001,70616600,39.912479
2015-08-24,40.450001,42.689999,39.720001,41.68,88753700,41.105809
2015-08-21,45.299999,45.48,43.07,43.07,70053100,42.476659
2015-08-20,46.07,46.470001,45.66,45.66,36238200,45.030979
2015-08-19,46.779999,47.080002,46.299999,46.610001,31485500,45.967893
2015-08-18,46.84,47.43,46.700001,47.27,23574100,46.6188
2015-08-17,46.810001,47.450001,46.57,47.32,21099700,46.362381
2015-08-14,46.529999,47.099998,46.52,47.00,21473400,46.048857
2015-08-13,47.060001,47.099998,46.490002,46.73,22627200,45.78432
2015-08-12,46.189999,46.900002,45.709999,46.740002,30181400,45.79412
2015-08-11,46.82,46.939999,45.900002,46.41,29237400,45.470797
2015-08-10,46.950001,47.490002,46.84,47.330002,23079900,46.37218
2015-08-07,46.389999,46.779999,46.259998,46.740002,19163000,45.79412
2015-08-06,47.709999,47.77,46.330002,46.619999,27368000,45.676546
2015-08-05,47.98,48.41,47.540001,47.580002,26959700,46.617121
2015-08-04,46.75,47.709999,46.68,47.540001,33403900,46.57793
2015-08-03,46.98,47.00,46.450001,46.810001,24125900,45.862703
2015-07-31,47.290001,47.369999,46.50,46.700001,31201500,45.754929
2015-07-30,46.259998,47.400002,45.93,46.880001,39777900,45.931286
2015-07-29,45.400002,46.779999,45.259998,46.290001,40945900,45.353226
2015-07-28,45.580002,45.639999,44.790001,45.34,34328900,44.422451
2015-07-27,45.939999,46.009998,45.25,45.349998,39701400,44.432247
2015-07-24,45.91,46.32,45.799999,45.939999,32333200,45.010307
2015-07-23,45.27,46.23,45.099998,46.110001,33934000,45.176868
2015-07-22,45.439999,46.93,45.200001,45.540001,59152400,44.618404
2015-07-21,46.779999,47.330002,46.48,47.279999,42781900,46.323189
2015-07-20,46.650002,47.130001,46.439999,46.919998,30631900,45.970474
2015-07-17,46.549999,46.779999,46.259998,46.619999,29467100,45.676546
2015-07-16,46.009998,46.689999,45.970001,46.66,26271700,45.715737
2015-07-15,45.68,45.889999,45.43,45.759998,26629600,44.833949
2015-07-14,45.450001,45.959999,45.310001,45.619999,22880300,44.696783
2015-07-13,44.98,45.619999,44.950001,45.540001,28178300,44.618404
2015-07-10,45.009998,45.139999,44.57,44.610001,25465800,43.707224
2015-07-09,44.75,45.220001,44.50,44.52,32424700,43.619045
2015-07-08,44.439999,44.900002,44.029999,44.240002,39785900,43.344713
2015-07-07,44.34,44.490002,43.32,44.299999,36435800,43.403496
2015-07-06,43.959999,44.48,43.950001,44.389999,23034000,43.491675
2015-07-02,44.48,44.75,44.060001,44.400002,21752000,43.501475
2015-07-01,44.459999,45.23,44.099998,44.450001,28343900,43.550462
2015-06-30,44.709999,44.720001,43.939999,44.150002,35945400,43.256534
2015-06-29,45.040001,45.23,44.360001,44.369999,34081700,43.472079
2015-06-26,45.650002,46.279999,45.029999,45.259998,49835300,44.344068
2015-06-25,46.029999,46.060001,45.50,45.650002,20616000,44.726178
2015-06-24,45.669998,46.25,45.549999,45.639999,34890900,44.716379
2015-06-23,46.130001,46.279999,45.619999,45.91,25896500,44.980915
2015-06-22,46.330002,46.720001,46.16,46.23,20318100,45.294439
2015-06-19,46.790001,46.830002,45.990002,46.099998,63837000,45.167069
2015-06-18,46.220001,46.799999,46.169998,46.720001,32658300,45.774524
2015-06-17,45.73,46.07,45.360001,45.970001,28704100,45.039702
2015-06-16,45.349998,46.240002,45.299999,45.830002,27070300,44.902536
2015-06-15,45.450001,45.650002,45.02,45.48,33254500,44.559617
2015-06-12,46.220001,46.470001,45.900002,45.970001,23931000,45.039702
2015-06-11,46.66,46.919998,46.130001,46.439999,27347800,45.500188
2015-06-10,45.790001,46.830002,45.689999,46.610001,28417400,45.66675
2015-06-09,45.759998,45.939999,45.459999,45.650002,24406100,44.726178
2015-06-08,46.299999,46.43,45.669998,45.73,22121600,44.804558
2015-06-05,46.310001,46.52,45.84,46.139999,25438100,45.20626
2015-06-04,46.790001,47.16,46.200001,46.360001,27745500,45.421809
2015-06-03,47.369999,47.740002,46.82,46.849998,28002200,45.901891
2015-06-02,46.93,47.349998,46.619999,46.919998,21498300,45.970474
2015-06-01,47.060001,47.77,46.619999,47.23,28837300,46.274202
2015-05-29,47.43,47.57,46.59,46.860001,36519600,45.911691
2015-05-28,47.50,48.02,47.389999,47.450001,19283700,46.489751
2015-05-27,46.82,47.77,46.619999,47.610001,27335600,46.646513
2015-05-26,46.830002,46.880001,46.189999,46.59,29581900,45.647154
2015-05-22,47.299999,47.349998,46.82,46.900002,25720600,45.950882
2015-05-21,47.279999,47.599998,47.009998,47.419998,22410700,46.460355
2015-05-20,47.389999,47.93,47.27,47.580002,25047900,46.617121
2015-05-19,47.560001,47.810001,47.18,47.580002,28574800,46.617121
2015-05-18,47.98,48.220001,47.610001,48.009998,24136500,46.734689
2015-05-15,48.869999,48.91,48.049999,48.299999,28642700,47.016987
2015-05-14,48.029999,48.82,48.029999,48.720001,32980900,47.425832
2015-05-13,48.189999,48.32,47.57,47.630001,34184600,46.364786
2015-05-12,46.849998,47.68,46.419998,47.349998,29928300,46.092221
2015-05-11,47.549999,47.91,47.369999,47.369999,24609400,46.11169
2015-05-08,47.549999,47.98,47.52,47.75,35364900,46.481597
2015-05-07,46.27,47.09,46.16,46.700001,32971700,45.45949
2015-05-06,47.57,47.77,46.02,46.279999,52433000,45.050644
2015-05-05,47.82,48.16,47.310001,47.599998,50369200,46.33558
2015-05-04,48.369999,48.869999,48.18,48.240002,34039500,46.958583
2015-05-01,48.580002,48.880001,48.400002,48.66,38937300,47.367425
2015-04-30,48.700001,49.540001,48.599998,48.639999,64725500,47.347955
2015-04-29,48.720001,49.310001,48.50,49.060001,47804600,47.756801
2015-04-28,47.779999,49.209999,47.700001,49.16,60730800,47.854143
2015-04-27,47.23,48.130001,47.220001,48.029999,59248200,46.754158
2015-04-24,45.66,48.139999,45.650002,47.869999,130933700,46.598409
2015-04-23,42.889999,43.610001,42.799999,43.34,46309500,42.188742
2015-04-22,42.669998,43.130001,42.549999,42.990002,25064300,41.848041
2015-04-21,43.00,43.150002,42.529999,42.639999,26013800,41.507336
2015-04-20,41.73,43.169998,41.68,42.91,46057700,41.770164
2015-04-17,41.669998,41.740002,41.16,41.619999,42387600,40.51443
2015-04-16,41.950001,42.34,41.82,42.16,22509700,41.040087
2015-04-15,41.759998,42.459999,41.68,42.259998,27343600,41.137429
2015-04-14,41.799999,42.029999,41.389999,41.650002,24244400,40.543636
2015-04-13,41.400002,42.060001,41.389999,41.759998,30276700,40.650711
2015-04-10,41.630001,41.950001,41.41,41.720001,28022000,40.611776
2015-04-09,41.25,41.619999,41.25,41.48,25723900,40.378149
2015-04-08,41.459999,41.689999,41.040001,41.419998,24753400,40.319742
2015-04-07,41.610001,41.91,41.310001,41.529999,28809400,40.426821
2015-04-06,40.34,41.779999,40.18,41.549999,39223700,40.44629
2015-04-02,40.66,40.740002,40.119999,40.290001,37487500,39.219761
2015-04-01,40.599998,40.759998,40.310001,40.720001,36865300,39.638339
2015-03-31,40.779999,41.029999,40.540001,40.66,34887200,39.579932
2015-03-30,41.099998,41.540001,40.91,40.959999,35049700,39.871962
2015-03-27,41.119999,41.43,40.830002,40.970001,34401400,39.881698
2015-03-26,41.220001,41.610001,40.919998,41.209999,37495600,40.115321
2015-03-25,42.919998,42.93,41.439999,41.459999,43469900,40.35868
2015-03-24,42.779999,43.169998,42.75,42.900002,25513300,41.760431
2015-03-23,42.880001,43.130001,42.779999,42.860001,26246100,41.721493
2015-03-20,42.560001,42.98,42.490002,42.880001,71904500,41.740962
2015-03-19,42.259998,42.59,42.220001,42.290001,33879100,41.166634
2015-03-18,41.43,42.830002,41.330002,42.50,44194800,41.371055
2015-03-17,41.369999,41.830002,41.150002,41.700001,31673400,40.592307
2015-03-16,41.470001,41.639999,41.279999,41.560001,35273500,40.456026
2015-03-13,40.700001,41.470001,40.610001,41.380001,58007700,40.280807
2015-03-12,41.330002,41.650002,40.860001,41.02,59992500,39.93037
2015-03-11,42.310001,42.369999,41.84,41.98,32215300,40.864868
2015-03-10,42.349998,42.709999,42.029999,42.029999,39159700,40.913539
2015-03-09,42.189999,43.130001,42.189999,42.849998,32108000,41.711757
2015-03-06,43.00,43.110001,42.150002,42.360001,36248800,41.234775
2015-03-05,43.07,43.240002,42.82,43.110001,23193500,41.964852
2015-03-04,43.009998,43.209999,42.880001,43.060001,25748700,41.916181
2015-03-03,43.560001,43.830002,43.09,43.279999,31748600,42.130335
2015-03-02,43.669998,44.189999,43.549999,43.880001,31924000,42.714399
2015-02-27,44.130001,44.200001,43.66,43.849998,33807700,42.685193
2015-02-26,43.990002,44.23,43.889999,44.060001,28957300,42.889618
2015-02-25,43.950001,44.09,43.799999,43.990002,29759800,42.821477
2015-02-24,44.150002,44.299999,43.919998,44.09,25271700,42.91882
2015-02-23,43.700001,44.189999,43.650002,44.150002,32518800,42.977227
2015-02-20,43.509998,43.880001,43.290001,43.860001,29721100,42.69493
2015-02-19,43.18,43.529999,43.049999,43.50,27603400,42.344492
2015-02-18,43.630001,43.700001,43.389999,43.529999,27111700,42.373694
2015-02-17,43.970001,44.00,43.189999,43.580002,33695700,42.422369
2015-02-13,43.380001,43.869999,43.150002,43.869999,40264900,42.402898
2015-02-12,42.66,43.09,42.509998,43.09,33268800,41.648983
2015-02-11,42.650002,42.650002,42.209999,42.380001,38262500,40.962728
2015-02-10,42.740002,42.77,42.18,42.599998,29670700,41.175368
2015-02-09,42.240002,42.740002,42.209999,42.360001,31381100,40.943397
2015-02-06,42.68,42.790001,42.150002,42.41,34311700,40.991724
2015-02-05,42.220001,42.639999,41.860001,42.450001,36548200,41.030387
2015-02-04,41.939999,42.209999,41.360001,41.84,41614800,40.440786
2015-02-03,41.630001,41.93,41.049999,41.599998,52082400,40.20881
2015-02-02,40.59,41.369999,40.23,41.279999,50352500,39.899512
2015-01-30,41.549999,41.580002,40.349998,40.400002,78004900,39.048944
2015-01-29,40.93,42.119999,40.790001,42.009998,63585300,40.605099
2015-01-28,42.740002,42.790001,41.16,41.189999,84507100,39.812522
2015-01-27,42.950001,43.200001,42.110001,42.66,169164000,41.233363
2015-01-26,47.00,47.130001,46.240002,47.009998,42525500,45.437889
2015-01-23,47.360001,47.389999,46.799999,47.18,26211600,45.602206
2015-01-22,46.380001,47.139999,46.080002,47.130001,35898000,45.553879
2015-01-21,45.939999,46.139999,45.48,45.919998,39081100,44.384341
2015-01-20,46.299999,46.650002,45.57,46.389999,36161900,44.838624
2015-01-16,45.310001,46.279999,45.169998,46.240002,35695300,44.693643
2015-01-15,46.220001,46.380001,45.41,45.48,32742300,43.959056
2015-01-14,45.959999,46.240002,45.619999,45.959999,29719600,44.423004
2015-01-13,46.970001,47.91,46.060001,46.360001,35270600,44.809629
2015-01-12,47.419998,47.540001,46.360001,46.599998,23651900,45.0416
2015-01-09,47.610001,47.82,46.900002,47.189999,23942800,45.61187
2015-01-08,46.75,47.75,46.720001,47.59,29645200,45.998494
2015-01-07,45.98,46.459999,45.490002,46.23,29114100,44.683975
2015-01-06,46.380001,46.75,45.540001,45.650002,36447900,44.123373
2015-01-05,46.369999,46.73,46.25,46.330002,39673900,44.780633
2015-01-02,46.66,47.419998,46.540001,46.759998,27913900,45.19625
2014-12-31,46.73,47.439999,46.450001,46.450001,21552500,44.896619
2014-12-30,47.439999,47.619999,46.84,47.02,16384700,45.447557
2014-12-29,47.700001,47.779999,47.259998,47.450001,14439500,45.863177
2014-12-26,48.41,48.41,47.82,47.880001,13197800,46.278797
2014-12-24,48.639999,48.639999,48.080002,48.139999,11437800,46.530101
2014-12-23,48.369999,48.799999,48.130001,48.450001,23648100,46.829735
2014-12-22,47.779999,48.119999,47.709999,47.98,26566000,46.375451
2014-12-19,47.630001,48.099998,47.169998,47.66,64551200,46.066153
2014-12-18,46.580002,47.52,46.34,47.52,40105600,45.930836
2014-12-17,45.049999,45.950001,44.900002,45.740002,34970900,44.210364
2014-12-16,45.900002,46.34,45.130001,45.16,47801400,43.649758
2014-12-15,47.200001,47.669998,46.549999,46.669998,29247800,45.109259
2014-12-12,46.779999,47.73,46.669998,46.950001,34248400,45.379898
2014-12-11,47.080002,47.740002,46.68,47.169998,29060400,45.592538
2014-12-10,47.580002,47.66,46.700001,46.900002,30431800,45.331571
2014-12-09,47.110001,47.919998,47.049999,47.59,24330500,45.998494
2014-12-08,48.259998,48.349998,47.450001,47.700001,26663100,46.104816
2014-12-05,48.82,48.970001,48.380001,48.419998,27313400,46.800736
2014-12-04,48.389999,49.060001,48.200001,48.84,30320400,47.206692
2014-12-03,48.439999,48.50,47.810001,48.080002,23534800,46.472109
2014-12-02,48.84,49.049999,48.200001,48.459999,25743000,46.839399
2014-12-01,47.880001,48.779999,47.709999,48.619999,31191600,46.994048
2014-11-28,47.950001,48.200001,47.610001,47.810001,21534400,46.211138
2014-11-26,47.490002,47.990002,47.279999,47.75,27163600,46.153144
2014-11-25,47.66,47.970001,47.450001,47.470001,28007900,45.882508
2014-11-24,47.990002,48.00,47.389999,47.59,35434200,45.998494
2014-11-21,49.02,49.049999,47.57,47.98,42883100,46.375451
2014-11-20,48.00,48.700001,47.869999,48.700001,21500700,47.071374
2014-11-19,48.66,48.75,47.93,48.220001,26176800,46.607427
2014-11-18,49.130001,49.330002,48.700001,48.740002,23995500,47.110038
2014-11-17,49.41,49.709999,49.139999,49.459999,30315500,47.506323
2014-11-14,49.740002,50.049999,49.389999,49.580002,29081700,47.621586
2014-11-13,48.810001,49.650002,48.709999,49.610001,26208800,47.6504
2014-11-12,48.560001,48.919998,48.52,48.779999,22722000,46.853183
2014-11-11,48.849998,48.950001,48.650002,48.869999,23445200,46.939628
2014-11-10,48.650002,49.150002,48.549999,48.889999,36370100,46.958839
2014-11-07,48.919998,48.919998,48.290001,48.68,28000600,46.757135
2014-11-06,47.860001,48.860001,47.790001,48.700001,33037800,46.776345
2014-11-05,47.799999,47.900002,47.259998,47.860001,22449600,45.969525
2014-11-04,47.299999,47.73,47.25,47.57,21530800,45.690979
2014-11-03,46.889999,47.459999,46.73,47.439999,23130400,45.566113
2014-10-31,46.939999,46.970001,46.48,46.950001,35849700,45.09547
2014-10-30,46.32,46.32,45.77,46.049999,30073900,44.231019
2014-10-29,46.439999,46.700001,46.34,46.619999,30276100,44.778504
2014-10-28,45.860001,46.50,45.77,46.490002,29024600,44.653641
2014-10-27,45.709999,46.099998,45.709999,45.91,30371300,44.096549
2014-10-24,46.830002,46.900002,45.18,46.130001,61076700,44.307861
2014-10-23,44.619999,45.450001,44.529999,45.02,45451900,43.241705
2014-10-22,45.00,45.07,44.23,44.380001,33570900,42.626986
2014-10-21,44.360001,44.98,44.189999,44.880001,36433800,43.107236
2014-10-20,43.060001,44.139999,42.810001,44.080002,34527900,42.338837
2014-10-17,43.200001,43.939999,42.790001,43.630001,40683300,41.906611
2014-10-16,42.529999,43.080002,42.220001,42.740002,49040400,41.051767
2014-10-15,43.00,43.389999,42.099998,43.220001,60218700,41.512806
2014-10-14,43.869999,44.380001,43.560001,43.73,38115700,42.002659
2014-10-13,43.82,44.560001,43.490002,43.650002,37100200,41.925821
2014-10-10,45.599998,46.119999,43.950001,44.029999,51978100,42.290809
2014-10-09,46.50,46.799999,45.740002,45.849998,34422800,44.038918
2014-10-08,45.48,46.889999,45.34,46.779999,33031000,44.932183
2014-10-07,45.860001,45.93,45.419998,45.529999,25723700,43.731558
2014-10-06,46.119999,46.299999,45.919998,46.09,20604000,44.26944
2014-10-03,45.98,46.299999,45.610001,46.09,32453200,44.26944
2014-10-02,45.830002,46.099998,45.639999,45.759998,25119400,43.952473
2014-10-01,46.27,46.529999,45.849998,45.900002,38088400,44.086946
2014-09-30,46.369999,46.48,46.009998,46.360001,33033100,44.528775
2014-09-29,45.98,46.560001,45.759998,46.439999,26091000,44.605613
2014-09-26,45.93,46.619999,45.759998,46.41,27078800,44.576799
2014-09-25,46.880001,47.09,46.029999,46.040001,33077400,44.221415
2014-09-24,46.630001,47.110001,46.34,47.080002,26582700,45.220336
2014-09-23,46.849998,46.98,46.470001,46.560001,33430300,44.720876
2014-09-22,47.299999,47.380001,46.98,47.060001,38686100,45.201126
2014-09-19,46.810001,47.57,46.599998,47.52,202522400,45.642955
2014-09-18,46.59,46.830002,46.459999,46.68,35556600,44.836135
2014-09-17,46.259998,46.689999,46.23,46.52,38311900,44.682455
2014-09-16,46.389999,46.849998,46.290001,46.759998,27910600,44.912973
2014-09-15,46.540001,46.709999,46.099998,46.240002,37667600,44.413516
2014-09-12,46.91,47.02,46.599998,46.700001,38244700,44.855345
2014-09-11,46.740002,47.00,46.470001,47.00,29216400,45.143494
2014-09-10,46.82,46.939999,46.279999,46.84,27302400,44.989815
2014-09-09,46.470001,46.970001,46.419998,46.759998,40302400,44.912973
2014-09-08,46.02,46.799999,45.990002,46.470001,45736700,44.634431
2014-09-05,45.110001,45.93,45.110001,45.91,36939400,44.096549
2014-09-04,44.740002,45.27,44.720001,45.259998,26475500,43.472223
2014-09-03,44.529999,45.110001,44.529999,44.959999,33684500,43.184074
2014-09-02,45.43,45.459999,44.849998,45.09,22976800,43.30894
2014-08-29,45.09,45.439999,44.860001,45.43,21607600,43.63551
2014-08-28,44.75,44.98,44.610001,44.880001,17657600,43.107236
2014-08-27,44.900002,45.00,44.759998,44.869999,21287900,43.097629
2014-08-26,45.310001,45.400002,44.939999,45.009998,14873100,43.232098
2014-08-25,45.400002,45.439999,45.040001,45.169998,16910000,43.385778
2014-08-22,45.349998,45.470001,45.07,45.150002,18294500,43.366571
2014-08-21,44.84,45.25,44.830002,45.220001,22285500,43.433806
2014-08-20,45.34,45.400002,44.900002,44.950001,24770500,43.17447
2014-08-19,44.970001,45.34,44.830002,45.330002,28139500,43.539461
2014-08-18,44.939999,45.110001,44.68,45.110001,26891100,43.059212
2014-08-15,44.580002,44.900002,44.400002,44.790001,41611300,42.75376
2014-08-14,44.080002,44.419998,44.009998,44.27,19313200,42.2574
2014-08-13,43.68,44.18,43.52,44.080002,22889500,42.076039
2014-08-12,43.040001,43.59,43.00,43.52,21431100,41.541496
2014-08-11,43.259998,43.450001,43.02,43.200001,20351600,41.236044
2014-08-08,43.23,43.32,42.91,43.200001,28942700,41.236044
2014-08-07,42.84,43.450001,42.650002,43.23,30314900,41.264679
2014-08-06,42.740002,43.169998,42.209999,42.740002,24634000,40.796958
2014-08-05,43.310001,43.459999,42.830002,43.080002,26266400,41.121501
2014-08-04,42.970001,43.470001,42.810001,43.369999,34277400,41.398314
2014-08-01,43.209999,43.25,42.599998,42.860001,31170300,40.911501
2014-07-31,43.380001,43.689999,43.080002,43.16,31537500,41.197862
2014-07-30,44.07,44.099998,43.290001,43.580002,31921400,41.59877
2014-07-29,43.91,44.09,43.639999,43.889999,27763100,41.894674
2014-07-28,44.360001,44.509998,43.93,43.970001,29684200,41.971039
2014-07-25,44.299999,44.66,44.299999,44.50,26737700,42.476943
2014-07-24,44.93,45.00,44.32,44.400002,30725300,42.381491
2014-07-23,45.450001,45.450001,44.619999,44.869999,52362900,42.830121
2014-07-22,45.00,45.150002,44.59,44.830002,43095800,42.791942
2014-07-21,44.560001,45.16,44.220001,44.84,37604400,42.801486
2014-07-18,44.650002,44.84,44.25,44.689999,43407500,42.658304
2014-07-17,45.450001,45.709999,44.25,44.529999,82180300,42.505578
2014-07-16,42.509998,44.310001,42.48,44.080002,63318000,42.076039
2014-07-15,42.330002,42.470001,42.029999,42.450001,28748700,40.520141
2014-07-14,42.220001,42.450001,42.040001,42.139999,21881100,40.224233
2014-07-11,41.700001,42.09,41.48,42.09,24083000,40.176507
2014-07-10,41.369999,42.00,41.049999,41.689999,21854700,39.79469
2014-07-09,41.98,41.990002,41.529999,41.669998,18445900,39.775599
2014-07-08,41.869999,42.00,41.610001,41.779999,31218200,39.880598
2014-07-07,41.75,42.119999,41.709999,41.990002,21952400,40.081054
2014-07-03,41.91,41.990002,41.560001,41.799999,15969300,39.89969
2014-07-02,41.73,41.900002,41.529999,41.900002,20208100,39.995146
2014-07-01,41.860001,42.150002,41.689999,41.869999,26917000,39.966507
2014-06-30,42.169998,42.209999,41.700001,41.700001,30805500,39.804237
2014-06-27,41.610001,42.290001,41.509998,42.25,74640000,40.329232
2014-06-26,41.93,41.939999,41.43,41.720001,23604400,39.823328
2014-06-25,41.700001,42.049999,41.459999,42.029999,20049100,40.119233
2014-06-24,41.830002,41.939999,41.560001,41.75,26509100,39.851963
2014-06-23,41.73,42.00,41.689999,41.990002,18743900,40.081054
2014-06-20,41.450001,41.830002,41.380001,41.68,47764900,39.785146
2014-06-19,41.57,41.77,41.330002,41.509998,19828200,39.622873
2014-06-18,41.610001,41.740002,41.18,41.650002,27097000,39.756511
2014-06-17,41.290001,41.91,40.34,41.68,22518600,39.785146
2014-06-16,41.040001,41.610001,41.040001,41.50,24205300,39.613329
2014-06-13,41.099998,41.57,40.860001,41.23,26310000,39.355603
2014-06-12,40.810001,40.880001,40.290001,40.580002,29818900,38.735156
2014-06-11,40.93,41.07,40.77,40.860001,18040000,39.002425
2014-06-10,41.029999,41.16,40.860001,41.110001,15117700,39.24106
2014-06-09,41.389999,41.48,41.02,41.27,15019200,39.393786
2014-06-06,41.48,41.66,41.240002,41.48,24060500,39.594238
2014-06-05,40.59,41.25,40.400002,41.209999,31865200,39.336512
2014-06-04,40.209999,40.369999,39.860001,40.32,23209000,38.486974
2014-06-03,40.599998,40.68,40.25,40.290001,18068900,38.458339
2014-06-02,40.950001,41.09,40.68,40.790001,18504300,38.935608
2014-05-30,40.450001,40.970001,40.25,40.939999,34567600,39.078786
2014-05-29,40.150002,40.349998,39.91,40.34,19888200,38.506065
2014-05-28,40.139999,40.189999,39.82,40.009998,25711500,38.191066
2014-05-27,40.259998,40.259998,39.810001,40.189999,26160600,38.362883
2014-05-23,40.369999,40.369999,40.00,40.119999,18020000,38.296065
2014-05-22,40.290001,40.349998,39.849998,40.099998,20201800,38.276974
2014-05-21,39.799999,40.349998,39.740002,40.349998,22398700,38.515609
2014-05-20,39.68,39.939999,39.459999,39.68,21320900,37.87607
2014-05-19,39.610001,39.82,39.459999,39.75,24537400,37.942887
2014-05-16,39.669998,39.84,39.27,39.830002,29867100,38.019252
2014-05-15,40.09,40.400002,39.509998,39.599998,37793200,37.799705
2014-05-14,40.299999,40.450001,40.049999,40.240002,18818700,38.410613
2014-05-13,39.919998,40.50,39.849998,40.419998,27004800,38.582426
2014-05-12,39.740002,40.02,39.650002,39.970001,22782600,37.885615
2014-05-09,39.540001,39.849998,39.369999,39.540001,29647600,37.478039
2014-05-08,39.34,39.900002,38.970001,39.639999,32120400,37.572823
2014-05-07,39.220001,39.509998,38.509998,39.419998,41744500,37.364294
2014-05-06,39.290001,39.349998,38.950001,39.060001,27112400,37.023071
2014-05-05,39.52,39.639999,39.299999,39.43,22460900,37.373775
2014-05-02,40.310001,40.34,39.66,39.689999,43416600,37.620214
2014-05-01,40.240002,40.360001,39.950001,40.00,28787400,37.91405
2014-04-30,40.400002,40.50,40.169998,40.400002,35458700,38.293192
2014-04-29,41.099998,41.189999,40.389999,40.509998,29636200,38.397452
2014-04-28,40.139999,41.290001,40.09,40.869999,50610200,38.738679
2014-04-25,40.290001,40.68,39.75,39.91,56876800,37.828743
2014-04-24,39.740002,39.970001,39.299999,39.860001,42381600,37.781351
2014-04-23,39.990002,39.990002,39.470001,39.689999,24602800,37.620214
2014-04-22,39.959999,40.139999,39.830002,39.990002,27056700,37.904573
2014-04-21,40.130001,40.150002,39.790001,39.939999,22221200,37.857177
2014-04-17,40.009998,40.200001,39.509998,40.009998,36689400,37.923527
2014-04-16,40.060001,40.419998,39.91,40.400002,30615800,38.293192
2014-04-15,39.34,39.959999,39.049999,39.75,33968700,37.677087
2014-04-14,39.110001,39.41,38.900002,39.18,32006600,37.136812
2014-04-11,39.00,39.790001,39.00,39.209999,34330200,37.165246
2014-04-10,40.439999,40.689999,39.09,39.360001,45960800,37.307425
2014-04-09,39.93,40.549999,39.880001,40.470001,27398700,38.359541
2014-04-08,39.75,39.93,39.200001,39.82,35918600,37.743436
2014-04-07,39.959999,40.27,39.740002,39.799999,37559600,37.724479
2014-04-04,41.25,41.389999,39.639999,39.869999,51409600,37.790828
2014-04-03,41.290001,41.290001,40.709999,41.009998,30139600,38.871378
2014-04-02,41.439999,41.66,41.169998,41.349998,28666700,39.193647
2014-04-01,41.150002,41.59,41.07,41.419998,32605000,39.259997
2014-03-31,40.43,41.50,40.400002,40.990002,46886300,38.852424
2014-03-28,39.790001,40.639999,39.68,40.299999,43472700,38.198404
2014-03-27,39.740002,39.970001,39.34,39.360001,35369200,37.307425
2014-03-26,40.48,40.709999,39.599998,39.790001,41977500,37.715002
2014-03-25,40.66,40.990002,39.959999,40.34,43193100,38.236319
2014-03-24,40.34,40.639999,39.860001,40.50,46098400,38.387975
2014-03-21,40.720001,40.939999,40.009998,40.16,80721800,38.065706
2014-03-20,39.25,40.650002,39.240002,40.330002,59269800,38.226842
2014-03-19,39.470001,39.549999,38.91,39.27,35597200,37.222119
2014-03-18,38.259998,39.900002,38.220001,39.549999,64063900,37.487516
2014-03-17,37.900002,38.41,37.790001,38.049999,20479600,36.065739
2014-03-14,37.650002,38.139999,37.509998,37.700001,27195600,35.733992
2014-03-13,38.419998,38.450001,37.639999,37.889999,32169700,35.914083
2014-03-12,37.799999,38.43,37.790001,38.27,30494100,36.274267
2014-03-11,37.869999,38.23,37.720001,38.02,25216400,36.037305
2014-03-10,37.990002,38.009998,37.720001,37.82,19006600,35.847734
2014-03-07,38.279999,38.360001,37.689999,37.900002,26591600,35.923563
2014-03-06,38.139999,38.240002,37.889999,38.150002,23582200,36.160526
2014-03-05,38.25,38.27,37.93,38.110001,20520100,36.122611
2014-03-04,38.200001,38.48,38.07,38.41,26802400,36.406966
2014-03-03,37.919998,38.130001,37.490002,37.779999,29717500,35.809819
2014-02-28,37.98,38.459999,37.82,38.310001,41215000,36.312182
2014-02-27,37.450001,37.889999,37.23,37.860001,33903400,35.885649
2014-02-26,37.580002,37.740002,37.189999,37.470001,41041800,35.515987
2014-02-25,37.610001,37.849998,37.349998,37.540001,30736500,35.582336
2014-02-24,37.689999,37.98,37.540001,37.689999,32085100,35.724512
2014-02-21,37.939999,38.349998,37.860001,37.98,38021300,35.99939
2014-02-20,37.57,37.869999,37.400002,37.75,27526100,35.781384
2014-02-19,37.220001,37.75,37.209999,37.509998,29750400,35.553898
2014-02-18,37.630001,37.779999,37.41,37.419998,32834000,35.468592
2014-02-14,37.389999,37.779999,37.330002,37.619999,31407500,35.392765
2014-02-13,37.330002,37.860001,37.330002,37.610001,37635500,35.383359
2014-02-12,37.349998,37.599998,37.299999,37.470001,27051800,35.251648
2014-02-11,36.880001,37.259998,36.860001,37.169998,32141400,34.969406
2014-02-10,36.630001,36.799999,36.290001,36.799999,26767000,34.621312
2014-02-07,36.32,36.59,36.009998,36.560001,33260500,34.395523
2014-02-06,35.799999,36.25,35.689999,36.18,35351800,34.03802
2014-02-05,36.290001,36.470001,35.799999,35.82,55814400,33.699332
2014-02-04,36.970001,37.189999,36.25,36.349998,54697900,34.197953
2014-02-03,37.740002,37.990002,36.43,36.48,64063100,34.320258
